feature1,feature2,feature3,target
0.7391304347826086,1.0,0.25925925925925924,0
0.7101449275362319,0.8571428571428571,0.25925925925925924,0
0.8985507246376812,0.9714285714285714,1.0,2
0.855072463768116,0.8571428571428571,0.9444444444444443,2
1.0,0.8857142857142858,0.9074074074074074,1
0.7971014492753623,0.6571428571428571,0.7407407407407407,1
